sex,year,estimate
male,1970,0.9136699942763871
male,1980,0.8798298136759825
male,1990,0.8730869125147334
male,2000,0.8748302007615845
male,2010,0.7894801398314205
male,2020,0.8270792341044119
female,1970,0.4817588081801699
female,1980,0.6088208521087519
female,1990,0.7061589014037266
female,2000,0.7497419654637425
female,2010,0.6954992736021357
female,2020,0.7302114039118591
